Page Name,URL,Page Type,Meta Title,Meta Description,Key Features,Status,Client Feedback,Priority,Implementation Notes
Homepage,https://masiff.up.railway.app,Landing Page,White Massif - Premier Corporate Event Management in Bangalore,"Transform your corporate events into unforgettable experiences with White Massif's expert event management services in Bangalore. From concept to execution, we deliver excellence.","Hero video, Services overview, Client testimonials, CTA forms",Live,,Medium,
About Us,https://masiff.up.railway.app/about,Information Page,About White Massif - Expert Event Management Team,"Meet the passionate team behind White Massif's success. Learn about our journey, values, and commitment to creating exceptional corporate events that leave lasting impressions.","Company story, Team introduction, Values, Statistics",Live,,Medium,
Services,https://masiff.up.railway.app/services,Service Catalog,Corporate Event Management Services - White Massif,"Discover our comprehensive range of corporate event management services including annual events, conferences, team building, product launches, and more. Excellence in every detail.","Service categories, Process overview, Portfolio samples",Live,,High,
Corporate Annual Events,https://masiff.up.railway.app/services/corporate-annual-events,Service Detail,Corporate Annual Events - White Massif,"Transform your annual corporate celebrations with our expert event management. From planning to execution, we ensure memorable experiences that strengthen your company culture.","Service details, Process, Gallery, Pricing info",Live,,High,
Portfolio,https://masiff.up.railway.app/portfolio,Portfolio Showcase,Event Portfolio - White Massif Success Stories,"Explore our portfolio of successful corporate events across various industries. See how we've transformed visions into reality for leading companies in Bangalore and beyond.","Event gallery, Case studies, Client work showcase",Live,,Medium,
Team,https://masiff.up.railway.app/team,Team Directory,Our Expert Team - White Massif Event Professionals,"Meet our talented team of event management professionals. Each member brings unique expertise to ensure your corporate events are executed flawlessly from start to finish.","Team member profiles, Expertise areas, Contact info",Live,,Low,
Clients,https://masiff.up.railway.app/clients,Client Showcase,Our Esteemed Clients - White Massif,"Trusted by leading corporations across industries. Discover the companies that have chosen White Massif for their most important corporate events and celebrations.","Client logos, Testimonials, Industry diversity",Live,,Medium,
Contact,https://masiff.up.railway.app/contact,Contact Page,Contact White Massif - Let's Plan Your Next Event,"Ready to create an unforgettable corporate event? Contact White Massif today. Our expert team is here to discuss your requirements and bring your vision to life.","Contact form, Office details, Phone/email, Map",Live,,High,
Blog,https://masiff.up.railway.app/blog,Blog Listing,Event Management Blog - Tips & Insights | White Massif,"Stay updated with the latest trends, tips, and insights in corporate event management. Expert advice from White Massif's experienced event planning professionals.","Blog post listing, Categories, Search functionality",Live,,Low,
Corporate Event Themes Blog,https://masiff.up.railway.app/blog/corporate-event-themes-and-ideas,Blog Post,Corporate Event Themes And Ideas - White Massif,"Corporate events go beyond simple gatherings they serve as powerful opportunities to inspire, engage, and create lasting memories. Discover dynamic corporate event themes including Retro Rewind, Night of Aces, Tropic Vibes, Lights Camera Action, and Colors of India.","Event theme ideas, Detailed descriptions, Implementation tips",Live,,Low,
Seasonal Content Blog,https://masiff.up.railway.app/blog/seasonal-and-festive-content,Blog Post,Seasonal And Festive Content - White Massif,"Corporate events are no longer limited to boardrooms and formal settings. Discover how seasonal and festive themes can transform your corporate celebrations into memorable experiences.","Seasonal event ideas, Festive themes, Planning tips",Live,,Low,
Careers,https://masiff.up.railway.app/careers,Careers Page,Careers at White Massif - Join Our Event Management Team,"Join the White Massif family and build an exciting career in event management. Explore opportunities to work with leading brands and create memorable corporate experiences.","Job openings, Company culture, Application process",Live,,Low,
Thank You,https://masiff.up.railway.app/thank-you,Confirmation Page,Thank You - White Massif,"Thank you for your interest in White Massif's event management services. We'll be in touch soon to discuss how we can make your next corporate event extraordinary.","Confirmation message, Next steps, Contact info",Live,,Low,
Feedback,https://masiff.up.railway.app/feedback,Feedback Form,Share Your Feedback - White Massif,"We value your feedback and continuously strive to improve our event management services. Share your experience and help us serve you better.","Feedback form, Rating system, Testimonial submission",Live,,Low,
Work Portfolio,https://masiff.up.railway.app/work,Work Showcase,Our Work - Event Management Portfolio | White Massif,"Discover our extensive portfolio of successful corporate events. From intimate gatherings to large-scale conferences, see how we bring visions to life.","Project showcase, Event categories, Success stories",Live,,Medium,
Corporate Events Bangalore Landing,https://masiff.up.railway.app/landing/corporate-events-bangalore,Landing Page,Corporate Event Management Bangalore - White Massif,"Elevate your corporate events with White Massif's comprehensive event management services in Bangalore. We specialize in creating exceptional experiences that leave lasting impressions on your guests and stakeholders.","Targeted landing page, Local SEO focus, Bangalore-specific",Live,,High,
Corporate Event Planning Landing,https://masiff.up.railway.app/landing/corporate-event-planning,Landing Page,Corporate Event Planning Services,"Why Choose White Massif? With over 1000+ successful corporate events, we bring unmatched expertise to every project.","Service-focused landing, Process overview, CTA forms",Live,,High,
Wedding Planning Landing,https://masiff.up.railway.app/landing/wedding-planning,Landing Page,Wedding Planning Excellence,"Creating Unforgettable Weddings From intimate ceremonies to grand celebrations, we make your special day perfect.","Wedding services, Package details, Portfolio",Live,,Medium,